age_bin,0,1
18–29,1564.23,505.77
30–39,1087.4043333333334,351.59566666666666
40–49,637.027,205.973
50–64,790.4273333333333,255.57266666666666
65+,454.91133333333335,147.08866666666665
