chi2,dof,p,cramers_v,low_expected_cells,total_cells
80.33197555582638,4,1.481397777062679e-16,0.11570938852417176,0,10
