chi2,dof,p,cramers_v,low_expected_cells,total_cells
85.82633940197204,5,5.051112095658397e-17,0.12197196638066113,0,12
