country,LinkedIn,X/Twitter,Instagram,Reddit,Pinterest,WhatsApp,Snapchat,Telegram,WeChat,Signal,Facebook,BlueSky,Rumble,TikTok,Discord,ChatGPT,Perplexity,Gemini,Threads,Google Search,Bing Search,Substack,Google News,Apple News,Yahoo News,MSN,Spotify Podcasts,Apple Podcasts,YouTube,Facebook Messenger,Quora,Kuaishou,Nextdoor,Sharechat,InShorts,Moj,KaKaoTalk,Naver,Daum
br,6.9,13.200000000000001,46.1,2.9000000000000004,5.5,48.0,2.3,13.200000000000001,1.0999999999999999,0.8999999999999999,36.4,1.0999999999999999,0.6,31.0,3.4000000000000004,11.0,0.8,6.3,4.5,39.900000000000006,4.1000000000000005,0.7000000000000001,27.1,2.1,4.9,4.1000000000000005,4.2,2.1,47.099999999999994,12.5,1.0999999999999999,0.6,0.0,0.0,0.0,0.0,0.0,0.0,0.0
in,12.1,19.8,46.6,8.200000000000001,11.0,51.6,13.600000000000001,23.599999999999998,5.0,5.4,38.9,3.4000000000000004,3.5999999999999996,6.2,6.5,24.6,5.3,13.200000000000001,8.0,43.2,8.7,3.3000000000000003,39.2,5.8999999999999995,9.2,6.2,7.199999999999999,4.0,65.9,17.299999999999997,9.5,0.0,0.0,8.0,6.9,6.0,0.0,0.0,0.0
kr,0.8999999999999999,10.4,24.4,1.0999999999999999,2.8000000000000003,1.7000000000000002,1.4000000000000001,3.4000000000000004,1.9,0.8,10.9,0.6,0.3,11.4,2.0,13.100000000000001,1.3,3.8,3.5000000000000004,25.3,1.3,0.5,16.900000000000002,1.2,1.9,2.8000000000000003,1.5,1.7000000000000002,53.5,3.5000000000000004,0.2,0.0,0.0,0.0,0.0,0.0,25.6,60.199999999999996,15.9
ng,20.9,48.0,50.9,7.3999999999999995,12.3,69.8,15.9,46.9,4.5,3.0,72.6,3.0,2.1999999999999997,49.9,10.9,30.4,2.3,8.6,12.3,53.900000000000006,10.4,1.9,50.8,9.6,17.1,4.6,11.0,6.2,63.3,38.800000000000004,10.100000000000001,0.0,0.0,0.0,0.0,0.0,0.0,0.0,0.0
uk,5.800000000000001,19.3,19.6,8.9,1.3,13.600000000000001,1.9,3.4000000000000004,0.1,0.5,24.7,4.0,0.5,16.1,2.4,4.5,0.6,0.8999999999999999,3.4000000000000004,25.5,2.1,1.7000000000000002,12.5,5.3,4.5,3.5000000000000004,4.5,2.1999999999999997,23.200000000000003,4.8,1.0999999999999999,0.0,0.0,0.0,0.0,0.0,0.0,0.0,0.0
us,6.1,23.0,24.099999999999998,12.9,3.9,8.799999999999999,4.0,7.000000000000001,0.8,1.5,34.699999999999996,5.6000000000000005,1.9,16.6,6.2,7.3999999999999995,0.8,3.5999999999999996,4.7,30.4,5.1,3.8,21.9,8.7,10.0,7.199999999999999,5.800000000000001,4.7,41.4,13.100000000000001,2.8000000000000003,0.0,4.2,0.0,0.0,0.0,0.0,0.0,0.0
