overall,LinkedIn,X/Twitter,Instagram,Reddit,Pinterest,WhatsApp,Snapchat,Telegram,WeChat,Signal,Facebook,BlueSky,Rumble,TikTok,Discord,ChatGPT,Perplexity,Gemini,Threads,Google Search,Bing Search,Substack,Google News,Apple News,Yahoo News,MSN,Spotify Podcasts,Apple Podcasts,YouTube,Facebook Messenger,Quora,Kuaishou,Nextdoor,Sharechat,InShorts,Moj,KaKaoTalk,Naver,Daum
overall,8.783333333333333,22.28333333333333,35.28333333333333,6.9,6.133333333333333,32.25,6.516666666666667,16.25,2.2333333333333334,2.0166666666666666,36.36666666666667,2.9499999999999997,1.5166666666666666,21.866666666666667,5.233333333333333,15.166666666666668,1.8499999999999999,6.066666666666666,6.066666666666666,36.36666666666667,5.283333333333333,1.9833333333333334,28.066666666666666,5.466666666666667,7.933333333333334,4.733333333333333,5.7,3.4833333333333334,49.06666666666666,15.0,4.133333333333333,0.1,0.7000000000000001,1.3333333333333335,1.15,1.0,4.266666666666667,10.033333333333333,2.65
