platform,n_valid,chi2,dof,p_raw,cramers_v,pct_<25,pct_50+,delta_pp_<25_minus_50plus,min_expected,note,p_fdr,sig_fdr_0.05
Instagram,6000,195.98575308997437,2,2.7684357617887882e-43,0.180732653888727,44.66374269005848,21.405750798722046,23.25799189133643,482.676,,1.3842178808943941e-42,True
TikTok,6000,134.6439717476236,2,5.786727400629891e-30,0.14980207594668796,29.45906432748538,12.268370607028753,17.190693720456625,299.136,,1.4466818501574726e-29,True
X,6000,84.18318904830124,2,5.24629567966791e-19,0.11845054456628812,27.266081871345026,14.249201277955272,13.016880593389754,304.836,,8.743826132779849e-19,True
Facebook,6000,63.54931615639758,2,1.5865045876517774e-14,0.10291526948287572,28.50877192982456,34.69648562300319,-6.18771369317863,497.496,,1.9831307345647216e-14,True
YouTube,6000,22.709022267453467,2,1.17165154599462e-05,0.06152102928735489,50.58479532163743,43.89776357827476,6.687031743362667,671.232,,1.17165154599462e-05,True
