measure,overall_pct,both_yes,n_valid
both_agree,27.287909151636608,1634,5988
both_disagree,3.724114896459586,223,5988
