age_bin,pct_both_disagree,both_yes,n_valid
18-29,4.351687388987567,98,2252
30–49,3.594771241830065,77,2142
50+,3.0690537084398977,48,1564
