age_bin,pct_both_agree,both_yes,n_valid
18-29,24.77797513321492,558,2252
30–49,29.73856209150327,637,2142
50+,27.493606138107417,430,1564
