country,mean,n,se,ci95_lo,ci95_hi
br,3.445,1000,0.027243663799445487,3.3916024189530867,3.498397581046913
in,3.6375,1000,0.025836239301826828,3.5868609709684196,3.6881390290315808
kr,3.2625,1000,0.025602719567445358,3.212318669647807,3.312681330352193
ng,3.154,1000,0.032051697479405235,3.091178672940366,3.216821327059634
uk,3.673,1000,0.024691712793580792,3.6246042429245815,3.7213957570754186
us,3.613,1000,0.028478799870114643,3.5571815522545753,3.6688184477454246
