country,mean,n,se,ci95_lo,ci95_hi
br,2.9045,1000,0.028947672060421672,2.8477625627615737,2.9612374372384265
in,3.391,1000,0.02843285823527821,3.3352715978588545,3.4467284021411455
kr,2.995,1000,0.024301554797287465,2.9473689525973166,3.0426310474026836
ng,3.5725,1000,0.0298895824182463,3.513916418460237,3.6310835815397624
uk,3.007,1000,0.03005585391158194,2.9480905263332997,3.0659094736667005
us,2.7935,1000,0.033319933492850305,2.7281929303540133,2.8588070696459864
