country_group,0,1
diverse_lang,1871.6804214223002,988.3195785776998
us_uk_kr,1855.3195785776998,979.6804214223002
