country_group,0,1
diverse_lang,53.98601398601398,46.01398601398601
us_uk_kr,77.00176366843033,22.998236331569665
