chi2,dof,p,phi,pct_point_diff_diverse_minus_comparison
332.46981133463123,1,2.785256101703096e-74,0.24161797727402173,23.01574968241635
